bids_name	aor	aqi	dummy_trs	dvars_nstd	dvars_std	dvars_vstd	efc	fber	fd_mean	fd_num	fd_perc	fwhm_avg	fwhm_x	fwhm_y	fwhm_z	gcor	gsr_x	gsr_y	size_t	size_x	size_y	size_z	snr	spacing_tr	spacing_x	spacing_y	spacing_z	summary_bg_k	summary_bg_mad	summary_bg_mean	summary_bg_median	summary_bg_n	summary_bg_p05	summary_bg_p95	summary_bg_stdv	summary_fg_k	summary_fg_mad	summary_fg_mean	summary_fg_median	summary_fg_n	summary_fg_p05	summary_fg_p95	summary_fg_stdv	tsnr
sub-QA_ses-20180901mr000201_bold	0.0023502341137123747	0.0005800592775919733	1	8.280442359261743	1.1874393858053698	0.9641813275838929	0.6335052531226545	1732.9122314453125	0.029886822065044675	0	0.0	2.8330733333333336	2.1599766666666667	2.3000433333333334	4.0392	0.0495563	-0.0029148936737328768	0.009868809022009373	299	72	72	35	4.248732310693594	2.0	3.0	3.0	3.0	5.027175086984929	19.13994761606849	69.7370834350586	64.43478393554688	72689.0	23.343812179565433	119.71170501708974	27.80649185180664	-0.31928365205641995	637.6231994258975	2783.58447265625	2674.13037109375	72881.0	1907.3812255859375	3953.946533203125	629.3905639648438	167.0038390136324
sub-QA_ses-20180901mr000202_bold	0.002311103678929766	0.0005233519364548495	1	5.680836882348993	1.002795402483221	0.9330499262416108	0.6253833356796864	2179.820068359375	0.021828223644011702	0	0.0	2.79118	2.1181666666666668	2.3089066666666667	3.9464666666666663	0.0307088	-0.003218925790861249	0.01090735662728548	299	72	72	35	4.627284731630791	2.0	3.0	3.0	3.0	21.068851847683096	22.625796860624288	75.77185821533203	67.22742462158203	74920.0	24.914213657379165	138.99046173095707	36.07133865356445	-0.2235074928708909	668.2221401347817	3205.49365234375	3091.8193359375	70826.0	2285.0877685546875	4452.5692138671875	668.1666870117188	177.68291155574843
sub-QA_ses-20180901mr000203_bold	0.0013748494983277593	0.0003057473177257525	1	5.3459043726510105	0.9633163592953025	0.976061490604027	0.6189262003337471	1460.8585205078125	0.005718777869218476	0	0.0	2.8447366666666665	2.1999766666666667	2.3079	4.0263333333333335	0.119495	-0.0037945511285215616	0.0121994623914361	299	72	72	37	3.92130730459458	2.0	3.0	3.0	3.0	4.238765099140656	16.744971321141822	63.147064208984375	56.86621856689453	80961.0	23.973243713378906	109.69230651855469	25.120258331298828	-0.1276142604162529	570.3157372351418	2272.794921875	2169.427978515625	73621.0	1547.3912353515625	3313.541748046875	553.2372436523438	188.2290859753266
sub-QA_ses-20180901mr000204_bold	0.007104699999999999	0.00039108931566666664	0	5.705921827056856	0.9971573504682272	1.0446026420066885	0.6118048232725536	706.6460571289062	0.015008074444253793	0	0.0	3.2396411111111107	2.338153333333333	2.9956366666666665	4.385133333333333	0.181971	-0.00848119892179966	0.018500709906220436	300	72	72	37	2.2046525051909036	2.0	3.0	3.0	3.0	3.930005063399034	6.0638432999150575	22.856830596923828	19.296667098999023	78565.0	14.65000057220459	42.855999755859386	9.527647018432617	0.9476614097663423	203.6798547721392	605.8991088867188	535.8866577148438	75689.0	335.72332763671875	1092.8380126953123	243.06919860839844	185.66612034570426
sub-QA_ses-20180915mr000201_bold	0.002591371237458194	0.0006446003344481605	1	8.42418400879195	1.2049564560738255	0.969603380671142	0.6326865102997492	1866.1611328125	0.031584166844800844	0	0.0	2.824105555555556	2.1519833333333334	2.3173	4.003033333333334	0.0701555	-0.0027371591422706842	0.0091677475720644	299	72	72	35	4.341190775341885	2.0	3.0	3.0	3.0	14.038653934316581	17.151575024812413	67.40270233154297	61.85953140258789	72795.0	25.680267143249516	112.8983238220215	26.595497131347656	-0.32548480678512304	631.2613301406303	2797.130615234375	2687.896240234375	72825.0	1948.1438476562498	3948.0768066406254	619.1567993164062	161.5362250059843
sub-QA_ses-20180915mr000202_bold	0.002313244147157191	0.0005116994515050168	1	5.223484541879195	0.9696080776845643	0.9306301036912752	0.6239693156560611	2222.709228515625	0.018061075682766582	0	0.0	2.790607218011226	2.1181233333333336	2.3116033333333332	3.9420949873670104	0.0198659	-0.003048443701118231	0.010612905025482178	299	72	72	35	4.615626352410939	2.0	3.0	3.0	3.0000038146972656	4.338096763217676	23.27041414371531	75.40643310546875	67.13043212890625	75141.0	27.60869598388672	135.52842712402344	33.73601531982422	-0.20907213581783202	682.0936647489882	3229.001708984375	3115.128662109375	70668.0	2315.0477172851565	4497.457250976561	674.9044189453125	179.59109766595066
sub-QA_ses-20180915mr000203_bold	0.0016657859531772573	0.0003025481806020067	1	5.318799812583894	0.9713247121812085	0.983765201342282	0.6185994538814584	1464.4969482421875	0.005280411321232375	0	0.0	2.873673333333333	2.22045	2.332403333333333	4.0681666666666665	0.119304	-0.0036754165776073933	0.012116717174649239	299	72	72	37	3.8639695110124115	2.0	3.0	3.0	3.0	4.089334877172973	16.387962263368433	62.89411926269531	56.394649505615234	80821.0	25.060199737548828	109.27424621582031	24.952117919921875	-0.14513895771111596	576.6926280028475	2260.52001953125	2156.5185546875	73730.0	1532.1613342285157	3311.314721679688	558.1058349609375	187.84347498230636
sub-QA_ses-20180915mr000204_bold	0.0072069333333333345	0.00035783487600000004	0	5.6757510577257495	0.995415410836121	1.0431328606354517	0.6113992543941869	710.4810180664062	0.015314323887299199	0	0.0	3.2393844444444446	2.338713333333333	3.0091066666666664	4.370333333333334	0.194847	-0.008747671730816364	0.019094577059149742	300	72	72	37	2.2025595326694	2.0	3.0	3.0	3.0	4.038695970805302	5.984769843084149	22.862293243408203	19.266666412353516	78703.0	14.680000305175781	42.83300247192381	9.539679527282715	0.9240951716458943	205.80987383465717	605.6727294921875	536.3216552734375	75514.0	335.3743392944336	1097.0375366210933	243.49766540527344	185.53545863181353
sub-QA_ses-20181001mr000201_bold	0.0022085284280936456	0.0006597828829431438	1	10.105023726510076	1.3195191652013416	0.974291741879194	0.633375698916359	1849.4771728515625	0.050833402795502323	0	0.0	2.9130177777777777	2.1943766666666664	2.3800766666666666	4.1646	0.0594619	-0.002560555702075362	0.009131694212555885	299	72	72	35	4.145153375910425	2.0	3.0	3.0	3.0	8.417178897258504	17.08711725547835	67.78551483154297	62.18060302734375	72365.0	24.98729057312012	115.3638763427735	26.873146057128906	-0.2797956675940254	636.185118709559	2786.71142578125	2677.68896484375	73157.0	1859.47158203125	3980.2741210937497	645.9762573242188	160.95735544525087
sub-QA_ses-20181001mr000202_bold	0.0019295986622073578	0.0004883377257525084	1	5.72663896694631	1.0069990950000005	0.9384155579194633	0.6265518795930276	2182.497314453125	0.023407519742482345	0	0.0	2.869937777777778	2.15292	2.354693333333333	4.1022	0.0305013	-0.0028926024679094553	0.010524965822696686	299	72	72	35	4.428348441450282	2.0	3.0	3.0	3.0	4.3624139348469715	22.211761595235266	74.53852844238281	65.99665832519531	74246.0	27.104515552520752	135.6371192932129	33.37644958496094	-0.19193576042607496	677.4275941438233	3157.72412109375	3048.108642578125	71464.0	2168.2587890625	4430.680200195312	688.3124389648438	177.36122757196426
sub-QA_ses-20181001mr000203_bold	0.001338494983277592	0.00029532745819397995	1	5.325407069597314	0.9645826772483221	0.9753699622818788	0.6179186480897051	1437.0345458984375	0.00521730940115295	0	0.0	2.90105	2.233103333333333	2.32898	4.141066666666666	0.115939	-0.003371103433892131	0.011829168535768986	299	72	72	37	3.8204783830044526	2.0	3.0	3.0	3.0	2.9634894762656225	16.249121008706513	62.46347427368164	56.565216064453125	80796.0	22.929765701293945	107.58444786071777	24.408960342407227	-0.09547820811939722	575.9786551327297	2251.3779296875	2146.725830078125	73737.0	1517.2361083984374	3307.9625488281245	561.8959350585938	189.89942524256185
sub-QA_ses-20181001mr000204_bold	0.007078633333333334	0.00034753502733333335	0	5.605531525117056	1.0014869960535115	1.044852036421405	0.6132221146512259	720.0692138671875	0.015001229447761184	0	0.0	3.1756755555555554	2.3230333333333335	2.9933599999999996	4.210633333333333	0.222452	-0.009231291711330414	0.01935289241373539	300	72	72	37	2.217724053872691	2.0	3.0	3.0	3.0	3.886349930543756	6.244226928026219	23.119571685791016	19.52166748046875	78160.0	14.716667175292969	43.39016609191896	9.690750122070312	0.8357533465954052	210.74691931429203	615.4091796875	545.7233276367188	76046.0	340.35083770751953	1110.5458984375	246.0719757080078	183.3409535419196
sub-QA_ses-20181015mr000201_bold	0.0019875585284280933	0.0006921088528428093	1	11.2667892988255	1.302606509932886	0.9628315965100673	0.6314015238042061	1912.19775390625	0.05801531231546166	0	0.0	2.910314444444444	2.2062666666666666	2.351643333333333	4.173033333333334	0.0391053	-0.0021774263586848974	0.008361664600670338	299	72	72	35	4.156096885864804	2.0	3.0	3.0	3.0	8.499539148388973	16.74497697682045	67.1746597290039	61.87625503540039	72719.0	28.367558670043945	112.53176879882812	25.282424926757812	-0.2989435137320058	645.4747292165993	2819.133056640625	2709.20068359375	72868.0	1888.5025451660158	4026.304821777342	651.8572998046875	163.679860252887
sub-QA_ses-20181015mr000202_bold	0.0022005016722408026	0.000495013177257525	1	5.482261051308722	0.9934054899328858	0.9379751087583895	0.6256790335703432	2231.751953125	0.019439911567959572	0	0.0	2.888518888888889	2.1652066666666667	2.3698833333333336	4.130466666666667	0.0203438	-0.0027140164747834206	0.01019621267914772	299	72	72	35	4.444851089003578	2.0	3.0	3.0	3.0	6.524379407041813	22.174575508249966	74.54381561279297	66.0267562866211	74405.0	28.698327636718755	135.78528137207033	32.869781494140625	-0.1970987352151452	677.6635943016519	3194.2275390625	3085.926513671875	71315.0	2189.643505859375	4475.559667968751	694.2650756835938	178.36509918794036
sub-QA_ses-20181015mr000203_bold	0.0010164882943143815	0.0003037646153846154	1	5.270042395637583	0.9536953666442944	0.9632331918456383	0.6178711254990987	1470.9039306640625	0.00547717638081621	0	0.0	2.89433	2.2314966666666667	2.33336	4.118133333333334	0.11916	-0.003453708253800869	0.012002010829746723	299	72	72	37	3.8542334279593136	2.0	3.0	3.0	3.0	3.96064425476599	16.27887553397338	63.16917419433594	56.698997497558594	80834.0	23.818226718902586	110.12709045410156	24.720876693725586	-0.14597931394796326	579.127375029893	2284.468994140625	2178.8427734375	73671.0	1542.5702514648438	3347.556884765625	565.3077392578125	190.6262469291687
sub-QA_ses-20181015mr000204_bold	0.007748966666666667	0.00037317814033333333	0	5.585466324381268	1.000940295652174	1.0492292219063546	0.6126792481051092	711.6259765625	0.015042774491158772	0	0.0	3.1287688888888887	2.32715	2.971856666666667	4.0873	0.191021	-0.009155637584626675	0.01949562318623066	300	72	72	37	2.2114529874266813	2.0	3.0	3.0	3.0	3.7787884422990876	6.419667493015684	23.33167839050293	19.670000076293945	78482.0	14.753334045410156	44.0	9.890663146972656	0.8795172410714893	213.86043826766866	614.8558349609375	546.510009765625	75685.0	337.8586853027344	1110.7120605468758	247.12548828125	186.39701632317156
sub-QA_ses-20181101mr000201_bold	0.0018386956521739134	0.0005369426923076923	1	8.399083999865779	1.1955031351342273	0.9671125125838926	0.6317237289493478	1802.6905517578125	0.03666213530525616	0	0.0	2.964602222222222	2.2335033333333336	2.391103333333333	4.2692000000000005	0.0338436	-0.0023884086403995752	0.009094901382923126	299	72	72	35	4.019898958438079	2.0	3.0	3.0	3.0	3.1016517508437556	17.55321869832542	68.357421875	62.78929901123047	72510.0	25.05919733047486	116.59715614318847	26.656875610351562	-0.282595554317175	648.6855258423936	2780.5126953125	2669.2841796875	73033.0	1815.648828125	4004.9257324218747	664.01318359375	169.26525170449167
sub-QA_ses-20181101mr000202_bold	0.002129732441471572	0.0004491772173913044	1	5.769081467852349	1.0120814064093957	0.9384529459395977	0.6247249617464153	2154.631103515625	0.02078124614128086	0	0.0	2.9666622222222223	2.20599	2.41183	4.282166666666667	0.0259332	-0.0027901919092983007	0.010284417308866978	299	72	72	35	4.226298790765297	2.0	3.0	3.0	3.0	7.815443813814495	21.44070030503697	73.72351837158203	65.29766082763672	74421.0	27.605350494384766	133.86622619628906	32.854610443115234	-0.11794664007305045	676.2475933546807	3106.007568359375	2999.62548828125	71374.0	2048.6732299804685	4406.950537109375	709.7473754882812	175.3270056657493
sub-QA_ses-20181101mr000203_bold	0.0012415384615384612	0.0003114210903010033	1	5.216493468959732	0.9576069797315441	0.9707999763758393	0.6181118088605883	1534.837158203125	0.005383168138123331	0	0.0	2.8769438188249983	2.219536666666667	2.313833333333333	4.097461456474996	0.132027	-0.0030909187626093626	0.011340899392962456	299	72	72	37	3.9413915967411537	2.0	3.0	3.0	3.0000038146972656	4.963625067183872	15.426004852407425	61.938758850097656	55.77926254272461	80961.0	25.070234298706055	107.05351257324219	23.827470779418945	-0.11538840763215674	562.1047777562136	2293.871337890625	2189.993408203125	73579.0	1559.1962646484376	3340.4046386718746	555.6358642578125	186.26119470316917
sub-QA_ses-20181102mr000201_bold	0.0024003344481605352	0.0005760786856187292	1	10.724215811879192	1.3103486543624165	0.965283553557047	0.6285910448130517	1838.7138671875	0.052793096856622035	0	0.0	3.064892222222222	2.27612	2.4467233333333334	4.4718333333333335	0.0451007	-0.0019711225759238005	0.008268238045275211	299	72	72	35	3.867778579913988	2.0	3.0	3.0	3.0	3.425039356722972	15.376421517867483	65.93212890625	60.535118103027344	72717.0	29.463544082641604	110.0508331298828	24.12441635131836	-0.2071706552435364	652.2086969102219	2718.168701171875	2610.41650390625	72740.0	1717.1267395019531	3960.943115234375	674.9089965820312	161.73237696290016
sub-QA_ses-20181102mr000202_bold	0.0018609364548494984	0.0004607895551839465	1	5.869293717046972	1.0199414288255038	0.9367208769463078	0.6262947592245232	2094.645263671875	0.019796211348489284	0	0.0	2.876592222222223	2.1593533333333332	2.36529	4.105133333333334	0.0212624	-0.003134323051199317	0.010913926176726818	299	72	72	35	4.391836232038405	2.0	3.0	3.0	3.0	6.75545759446716	22.61588811166638	75.90088653564453	67.58863067626953	74281.0	25.197324752807617	139.13043212890625	35.39201736450195	-0.2734340326045017	696.0050053407426	3164.952392578125	3054.5869140625	71404.0	2179.8478881835936	4457.439672851562	695.5098876953125	180.58461158070713
sub-QA_ses-20181102mr000203_bold	0.0015713043478260869	0.00029710221404682274	1	5.211753278691276	0.958079572114095	0.9701674086241611	0.6171686893671658	1503.9703369140625	0.005135045636600593	0	0.0	2.856857273061605	2.21284	2.3056266666666665	4.052105152518148	0.142494	-0.004070810973644257	0.012408052571117878	299	72	72	37	3.9567630220645	2.0	3.0	3.0	2.9999961853027344	6.332209543753411	16.670593491492596	63.499595642089844	56.86621856689453	81455.0	24.10635395050049	111.3073539733887	25.28399658203125	-0.12700069872853614	568.9127669717318	2300.061767578125	2198.55859375	73275.0	1570.4705688476563	3344.1868896484375	555.6419677734375	186.9444760400802
sub-QA_ses-20181102mr000204_bold	0.006965033333333332	0.0003784171513333333	0	5.8456798957525065	1.0086543952508367	1.0529201319063541	0.6073137322387883	713.8232421875	0.017598756913272836	0	0.0	3.336467777777777	2.3487899999999997	3.0516466666666666	4.608966666666666	0.15092	-0.007529840804636478	0.018871000036597252	300	72	72	37	2.17165097647463	2.0	3.0	3.0	3.0	3.965926925845512	5.574584680921781	22.383115768432617	18.593334197998047	79531.0	14.49333381652832	42.516666412353516	9.50637149810791	1.045033050692095	199.77576243729445	588.6321411132812	520.86669921875	74637.0	322.21002197265625	1071.746728515625	239.84664916992188	190.44803232327104
sub-QA_ses-20181115mr000201_bold	0.0019989297658862875	0.0006464827859531772	1	9.558601081778523	1.2567953537583885	0.9586067967449663	0.635307651758868	1916.129638671875	0.04234070872587688	0	0.0	2.7985966666666666	2.141973333333333	2.29415	3.9596666666666667	0.0379523	-0.002473045140504837	0.009043361060321331	299	72	72	35	4.362484420822665	2.0	3.0	3.0	3.0	6.606275121826787	17.726768852733162	68.37370300292969	62.58528518676758	72415.0	25.559197807312017	117.7157211303711	27.28169059753418	-0.3090687226864208	624.4580464497313	2843.653564453125	2734.220703125	73180.0	1962.498126220703	4012.4242309570313	626.75341796875	169.35571240633726
sub-QA_ses-20181115mr000202_bold	0.0018395986622073578	0.00035001762207357857	1	6.519851270134226	1.0459682825167786	0.9384737989932881	0.6160770646394522	1931.8048095703125	0.023157530540922643	0	0.0	3.442198888888889	2.4837766666666665	2.7310533333333336	5.111766666666667	0.0246615	-0.0022783740423619747	0.009966160170733929	299	72	72	35	3.3449076908450777	2.0	3.0	3.0	3.0	5.849021520775894	17.964776776474963	69.96178436279297	62.18729019165039	74209.0	25.48829460144043	125.6622085571289	30.333269119262695	-0.04476299701090314	741.811839655709	2832.427490234375	2734.82763671875	71424.0	1532.6678649902344	4334.217138671874	817.6035766601562	168.34716461598873
sub-QA_ses-20181115mr000203_bold	0.0014783612040133783	0.0002922960133779264	1	5.11242712604027	0.9627391426510065	0.9752689279530203	0.6154879386120269	1589.4368896484375	0.005328309946341103	0	0.0	2.883211111111111	2.2183266666666666	2.30784	4.123466666666666	0.107528	-0.0034815925173461437	0.011323659680783749	299	72	72	37	3.9671176185573414	2.0	3.0	3.0	3.0	4.4886802905774825	16.02598751975883	62.54948806762695	56.07692337036133	81886.0	25.596153736114502	107.59447860717773	24.627567291259766	0.24151708341961164	546.4207212550034	2334.103759765625	2226.5283203125	72875.0	1601.9969970703125	3406.2578613281257	561.2420043945312	191.65814281161875
sub-QA_ses-20181115mr000204_bold	0.008087599999999999	0.0003913831346666667	0	5.694487381973244	0.9962036649163883	1.045009611270903	0.6108234382408898	707.5158081054688	0.0157200831565455	0	0.0	3.228236666666667	2.3407066666666667	2.98687	4.3571333333333335	0.259124	-0.008481399156153202	0.018956510350108147	300	72	72	37	2.1809053736876707	2.0	3.0	3.0	3.0	3.900184391149459	6.049016938389284	22.79882049560547	19.270000457763672	78565.0	14.610000610351562	42.81933364868165	9.491701126098633	0.923104490613726	207.51736845816404	604.1206665039062	534.510009765625	75630.0	332.6463348388672	1099.4449157714848	245.0846710205078	172.7440055431798
sub-QA_ses-20181201mr000201_bold	0.001893779264214047	0.0006537267993311037	1	9.407741882583892	1.2403520249328854	0.9558397198993281	0.631193867865946	1891.47314453125	0.042844042069818594	0	0.0	2.898921111111111	2.19776	2.36427	4.134733333333333	0.0578974	-0.002843548310920596	0.009238836355507374	299	72	72	35	4.18528390690667	2.0	3.0	3.0	3.0	20.12336557088378	17.419337473821084	67.90180206298828	62.16387939453125	72942.0	25.04347801208496	115.12340698242186	27.338321685791016	-0.24855187911128018	632.9621963087841	2818.64306640625	2708.35791015625	72622.0	1885.3668884277342	4010.043933105468	647.1100463867188	162.31703835725784
sub-QA_ses-20181201mr000202_bold	0.0024212040133779265	0.00038828378929765887	1	4.889167779530202	0.9370037075167786	0.9413950771476511	0.6189748755672582	2225.414306640625	0.010221831483585173	0	0.0	3.0654144444444444	2.2518066666666665	2.46907	4.475366666666667	0.0190943	-0.0019306088797748089	0.00969119742512703	299	72	72	35	3.993476008235201	2.0	3.0	3.0	3.0	3.484138587437905	19.34820667022205	72.671142578125	63.72575378417969	75377.0	30.3277587890625	135.57926635742186	31.603145599365234	-0.20925795978644146	713.1121210758529	3093.314208984375	2989.49169921875	70385.0	1943.8662109375	4451.74267578125	748.5885620117188	178.1033859308809
sub-QA_ses-20181201mr000203_bold	0.001193779264214047	0.0003029785819397993	1	5.299864442953021	0.95940266090604	0.9691059215771812	0.6190207872450408	1490.6444091796875	0.00557966427883869	0	0.0	2.8569022222222222	2.2179266666666666	2.31008	4.0427	0.11491	-0.0035217180848121643	0.011944055557250977	299	72	72	37	3.903942146650956	2.0	3.0	3.0	3.0	4.340148589666146	16.234240918233766	63.178550720214844	56.51170349121094	80856.0	25.240802764892578	110.76922607421875	25.096233367919922	-0.09972374582835108	572.2844563431623	2284.966796875	2181.46826171875	73815.0	1552.190673828125	3337.0651123046873	558.7822265625	190.78136272262782
sub-QA_ses-20181201mr000204_bold	0.0076614000000000005	0.00036737500266666666	0	5.667262672040132	1.0001804478260874	1.0458732494314382	0.6124600117758315	697.6608276367188	0.014937699764668634	0	0.0	3.2005255555555556	2.3296333333333332	2.9983766666666667	4.2735666666666665	0.260109	-0.008812385611236095	0.019457023590803146	300	72	72	37	2.194683621559572	2.0	3.0	3.0	3.0	3.824074186050976	6.187394427403628	22.95207977294922	19.406667709350586	78351.0	14.630000114440918	43.206668853759766	9.586259841918945	0.8773806124401724	208.72818138447718	604.010009765625	535.489990234375	75874.0	332.5433349609375	1097.3609985351552	243.9925537109375	173.4180451175198
sub-QA_ses-20181215mr000201_bold	0.002127859531772575	0.0006557783812709031	1	8.805718730637583	1.2232073018456366	0.9651977613758392	0.6334589127616888	1876.5494384765625	0.041474012327932706	0	0.0	2.8149511111111107	2.1525133333333333	2.3024733333333334	3.9898666666666665	0.0425341	-0.0028035256545990705	0.009414700791239738	299	72	72	35	4.383868118471322	2.0	3.0	3.0	3.0	7.406630847793075	18.106092390537047	68.36270904541016	62.73912811279297	72676.0	24.896320343017578	116.86872673034668	27.12838363647461	-0.30128624668173165	625.5937067184232	2825.961669921875	2716.9599609375	72922.0	1967.5847534179686	3981.1061035156254	619.7589111328125	166.84962213691324
sub-QA_ses-20181215mr000202_bold	0.0020533779264214043	0.0004514071003344482	1	5.173180653557049	0.9647740680536917	0.9401915792953018	0.6254300547157162	2119.2333984375	0.015077812452870099	0	0.0	2.8215944444444445	2.1339533333333334	2.31913	4.0117	0.0269566	-0.0029726303182542324	0.010684947483241558	299	72	72	35	4.4709000672420665	2.0	3.0	3.0	3.0	6.8930455169591855	22.154735387619635	75.0414047241211	66.81270599365234	74680.0	24.896153163909915	137.6588592529297	34.93318176269531	-0.2551171829827896	687.9969263655918	3156.296142578125	3042.163818359375	71063.0	2215.6873779296875	4422.63642578125	680.4317626953125	180.8861161111854
sub-QA_ses-20181215mr000203_bold	0.0012380936454849498	0.0002565734648829432	1	5.277556296006714	0.9564934083221485	0.9661109494966434	0.6168292946651112	1462.0850830078125	0.0054196064145974965	0	0.0	2.84325	2.2063099999999998	2.2990733333333333	4.024366666666666	0.1275	-0.004035739228129387	0.012582285329699516	299	72	72	37	3.8982881648540855	2.0	3.0	3.0	3.0	4.295547478010736	16.720182481711166	63.551063537597656	56.85618591308594	81467.0	23.869565963745117	110.76856079101559	25.472434997558594	-0.13076972989655955	576.3652320783752	2275.021728515625	2171.662109375	73097.0	1548.8775390625	3326.509033203125	557.0771484375	190.3915477823466
sub-QA_ses-20181215mr000204_bold	0.008436066666666665	0.00038265625233333325	0	5.6839205826755865	1.0077143474916384	1.0568649067892972	0.61203340830818	702.74267578125	0.0181953608829038	0	0.0	3.174382222222222	2.32423	2.9922833333333334	4.2066333333333334	0.24137	-0.008662090636789799	0.01919170469045639	300	72	72	37	2.1976799520629706	2.0	3.0	3.0	3.0	3.646392583467967	6.202220788929402	22.92902374267578	19.40333366394043	78541.0	14.630000114440918	43.26000213623047	9.572108268737793	0.9102963476515278	208.65155825041225	604.37646484375	535.9400024414062	75695.0	331.6560028076172	1092.8743896484375	243.86465454101562	178.65436203964055
sub-QA_ses-20190102mr000202_bold	0.0023083277591973246	0.00046110655183946494	1	5.584853414026848	1.000170149899329	0.9438445765436235	0.6255939736840761	2157.33984375	0.02225693598684161	0	0.0	2.8637288888888883	2.1450633333333333	2.3642566666666665	4.0818666666666665	0.0428735	-0.002671739785000682	0.01026980672031641	299	72	72	35	4.381075988532484	2.0	3.0	3.0	3.0	5.581689145850001	22.561333435611598	74.69734954833984	66.53845977783203	74507.0	27.156521415710454	135.33578948974608	33.34306716918945	-0.19765635378146973	681.8382995475342	3163.942626953125	3049.41796875	71178.0	2171.7354003906253	4459.009838867188	696.0382690429688	176.82813734281808
sub-QA_ses-20190102mr000203_bold	0.0014737458193979929	0.0003000348093645485	1	5.373581631778522	0.9580856014093959	0.969422916644295	0.6164524593106693	1460.5772705078125	0.005634553638296233	0	0.0	2.9551688888888896	2.2533833333333333	2.3772233333333332	4.2349000000000006	0.156587	-0.0031225616112351418	0.011289597488939762	299	72	72	37	3.7411407615091172	2.0	3.0	3.0	3.0	7.527464217745715	15.237580263205563	61.73868179321289	55.829429626464844	80888.0	24.40802574157715	105.40467834472656	23.57575035095215	0.0521208541453988	569.502767366303	2255.18359375	2145.876220703125	73490.0	1506.832763671875	3337.7620117187507	573.5848388671875	182.9288684525527
sub-QA_ses-20190102mr000204_bold	0.007705899999999999	0.00041561497266666663	0	5.743593683143814	0.9934134682274247	1.0444584340802674	0.6123304130427218	704.7055053710938	0.0187852619827401	0	0.0	3.1773900000000004	2.32734	2.9705966666666668	4.234233333333333	0.20472	-0.008641582913696766	0.019367748871445656	300	72	72	37	2.196511245531327	2.0	3.0	3.0	3.0	4.007409115352705	6.058901650713018	22.82850456237793	19.263334274291992	78314.0	14.619999885559082	42.913333892822266	9.549808502197266	0.9123103785233821	207.91025714115946	601.6727294921875	534.0066528320312	75883.0	330.5703399658203	1088.671313476562	243.11422729492188	178.35905788466334
sub-QA_ses-20190102mr000301_bold	0.0021345819397993312	0.0005706220100334448	1	7.839023898892613	1.191990785067114	0.9710880057046986	0.6355221238482814	1841.4300537109375	0.029275266315961265	0	0.0	2.8905833333333333	2.18315	2.3485	4.1400999999999994	0.0427365	-0.00250979489646852	0.00906717125326395	299	72	72	35	4.177966313492462	2.0	3.0	3.0	3.0	15.858922511997005	17.454046373566907	67.56793212890625	62.050167083740234	71887.0	25.018728446960452	114.09832687377929	26.838071823120117	-0.29224245815989036	629.9423353935027	2773.138916015625	2664.120361328125	73557.0	1863.0708740234375	3955.1625488281243	637.6552734375	166.55762864928693
sub-QA_ses-20190115mr000201_bold	0.0027488513513513517	0.0007049954797297298	4	10.119387531254233	1.2715992291864393	0.962987810169492	0.6374011095162034	1886.619873046875	0.05596277437198017	0	0.0	2.803846666666667	2.1470533333333335	2.30112	3.963366666666667	0.0639944	-0.002604719717055559	0.009259592741727829	296	72	72	35	4.445458327280867	2.0	3.0	3.0	3.0	6.272811915247813	17.756167070246406	68.04298400878906	62.5	71814.0	25.121453189849852	115.81199684143064	26.8334903717041	-0.3057035711143419	615.9586021152979	2827.286865234375	2718.3193359375	73734.0	1981.338916015625	3973.4136352539062	611.4782104492188	159.98090490698814
sub-QA_ses-20190115mr000202_bold	0.0022282608695652173	0.0005137025050167223	1	5.938019256476505	1.027533475704698	0.9340035587919465	0.6261264854929264	2309.338134765625	0.02310127725733659	0	0.0	2.801254444444444	2.12464	2.30569	3.973433333333333	0.029131	-0.0027535678818821907	0.010157288983464241	299	72	72	35	4.631391780948317	2.0	3.0	3.0	3.0	4.814891744789161	22.407629057512818	75.24722290039062	66.6120376586914	74633.0	27.776588439941413	139.1357849121093	34.00202178955078	-0.22612280575087107	672.903051240669	3273.6923828125	3159.103759765625	71117.0	2310.064208984375	4545.610058593749	682.1019897460938	178.4533803295344
sub-QA_ses-20190115mr000203_bold	0.001418428093645485	0.00024940796989966557	1	5.217516435033555	0.9615298457046978	0.9710748813758385	0.6169363923451952	1550.8707275390625	0.005924870117518897	0	0.0	2.8281144444444446	2.20158	2.2966633333333335	3.9861	0.121592	-0.003099009394645691	0.011338997632265091	299	72	72	37	3.9813119384867672	2.0	3.0	3.0	3.0	5.067367516518216	15.505337056535607	62.17142105102539	55.752506256103516	81426.0	25.27006721496582	107.31605339050293	24.19136619567871	-0.12792021922715602	570.3482234531865	2298.027587890625	2194.934814453125	73202.0	1578.9423278808595	3335.37451171875	551.3056640625	190.63821782916784
sub-QA_ses-20190115mr000204_bold	0.008539433333333334	0.00042360976233333337	0	5.736634933678929	1.001811118929765	1.0518557670234119	0.6116752703664358	694.3429565429688	0.015254589371571347	0	0.0	3.197116666666666	2.339636666666667	2.9990799999999997	4.252633333333333	0.23773	-0.00882241316139698	0.019635174423456192	300	72	72	37	2.1786240127475405	2.0	3.0	3.0	3.0	3.61069786747344	6.184921481923124	22.862342834472656	19.321666717529297	78360.0	14.606666564941406	42.96349983215333	9.504536628723145	0.8971417535292097	208.99750480078742	599.63134765625	531.42333984375	75887.0	327.89967041015626	1088.3749999999998	243.92453002929688	173.65401768684387
sub-QA_ses-20190202mr000201_bold	0.0015793645484949834	0.000606596066889632	1	10.469119430536912	1.285700238422819	0.9699666273489933	0.6350691338028861	1816.0191650390625	0.0600714544944499	0	0.0	2.921097777777778	2.202713333333333	2.3679466666666666	4.192633333333333	0.040212	-0.0024850901681929827	0.00906925369054079	299	72	72	35	4.078335686498829	2.0	3.0	3.0	3.0	10.022866543985987	16.81934915079105	67.06381225585938	61.51170349121094	71823.0	24.799666023254396	113.18996658325192	26.516159057617188	-0.3070077131864566	638.2030648443657	2741.05419921875	2630.294189453125	73727.0	1817.9518432617188	3931.057470703125	644.9386596679688	164.23705670284107
sub-QA_ses-20190202mr000202_bold	0.0019807023411371233	0.00047681065886287624	1	5.766130471409395	0.9969445614765104	0.9385336469463083	0.626739939096722	2152.62890625	0.021439028601224354	0	0.0	2.836111111111111	2.135353333333333	2.3378133333333335	4.035166666666666	0.0305097	-0.002673162380233407	0.010319466702640057	299	72	72	35	4.393246758750402	2.0	3.0	3.0	3.0	5.394800370046784	21.54484397131032	74.08280944824219	65.82942962646484	74298.0	27.30050096511841	137.14431533813473	33.56529998779297	-0.26918171651016554	687.6302574087201	3137.326904296875	3023.993408203125	71441.0	2170.40478515625	4416.44482421875	688.3228759765625	177.0535708218813
sub-QA_ses-20190202mr000203_bold	0.001439464882943144	0.0002633165752508361	1	5.292126287617447	0.9695074784563749	0.9791096914429525	0.6162970141541246	1473.691162109375	0.004972806718643558	0	0.0	2.837878888888889	2.2068666666666665	2.29177	4.015	0.107096	-0.0035674534738063812	0.011828507296741009	299	72	72	37	3.9333075480975097	2.0	3.0	3.0	3.0	2.8574353341884393	16.415236773556508	62.591285705566406	56.55351257324219	81646.0	24.790969371795654	107.07691955566406	24.366413116455078	-0.1360605840917648	568.8530430054101	2271.164306640625	2167.6689453125	72990.0	1552.2553588867186	3311.5996337890624	551.1021118164062	191.94104468543082
sub-QA_ses-20190202mr000204_bold	0.007192166666666668	0.000625239112	0	5.7870043958194	0.9614702042809371	1.0231707277926423	0.6074119394824425	757.173828125	0.01789815864663587	0	0.0	3.2990988888888886	2.34197	3.04796	4.507366666666667	0.211152	-0.006802093703299761	0.019639210775494576	300	72	72	37	2.1603212376228904	2.0	3.0	3.0	3.0	3.124358374512636	5.090267711130544	21.82880210876465	18.08333396911621	78909.0	14.40333366394043	41.89866790771481	9.167030334472656	0.9758834329429797	203.88004317288926	592.9044799804688	524.2000122070312	75248.0	324.2325164794922	1082.3371582031248	242.64749145507812	168.84747110959142
sub-QA_ses-20190215mr000201_bold	0.0017701677852348995	0.0006379913389261745	2	9.2589272152862	1.241527299259259	0.9652366810437714	0.6359836340826184	1845.3795166015625	0.03601727919047035	0	0.0	2.8090766666666664	2.1558466666666667	2.29355	3.9778333333333333	0.0363704	-0.002467300044372678	0.008953730575740337	298	72	72	35	4.357812756453384	2.0	3.0	3.0	3.0	12.56221763864943	16.98525282769246	67.43546295166016	61.94630813598633	72157.0	25.71208076477051	113.79127502441403	26.338308334350586	-0.32506154796979425	625.4941667745537	2776.3564453125	2669.597412109375	73419.0	1936.082861328125	3919.429956054687	612.5961303710938	166.3514409228228
sub-QA_ses-20190215mr000202_bold	0.0020818729096989965	0.0005436427993311036	1	5.84103001036913	1.0163466171812081	0.9375155930201343	0.6276460611906617	2309.941650390625	0.02315058933969667	0	0.0	2.7762277777777773	2.10872	2.301696666666667	3.9182666666666663	0.0339715	-0.00262451171875	0.010219353251159191	299	72	72	35	4.698014532997751	2.0	3.0	3.0	3.0	5.660592171187192	21.857218413344096	74.20547485351562	65.6989974975586	74270.0	27.74398012161255	136.15233535766603	33.288761138916016	-0.20352530412388337	662.3163447741524	3230.814453125	3114.103759765625	71467.0	2326.5842041015626	4465.639013671875	662.8506469726562	175.69281458854675
sub-QA_ses-20190215mr000203_bold	0.0011481605351170569	0.00024194341471571907	1	5.294128688489933	0.9537892686577178	0.9632071234228184	0.6169697085683107	1504.305908203125	0.004976636410242799	0	0.0	2.8579577777777776	2.2239633333333333	2.3056766666666664	4.044233333333334	0.148499	-0.0035447480622678995	0.012072183191776276	299	72	72	37	3.8761676064768382	2.0	3.0	3.0	3.0	14.360376267552596	15.911940760206196	63.04678726196289	56.090301513671875	81349.0	25.335786056518558	110.44013061523435	25.24113655090332	-0.07946097254527862	578.2942256997061	2280.42578125	2176.30078125	73332.0	1548.3200256347654	3341.2062622070307	561.4530029296875	186.69900000840425
sub-QA_ses-20190215mr000204_bold	0.0077315	0.00039230905333333333	0	5.760286675585286	0.9938595373913038	1.044959660735786	0.6168513374482179	753.3895263671875	0.01678817744407892	0	0.0	3.1129933333333333	2.2636600000000002	2.9482866666666667	4.127033333333333	0.240858	-0.007186246104538441	0.01925014518201351	300	72	72	37	2.387082413753862	2.0	3.0	3.0	3.0	2.8967983128771575	5.114978784980052	21.707019805908203	18.166667938232422	78522.0	14.486666679382324	40.55966796874998	8.750033378601074	0.848541977439194	192.90137555467246	578.5003662109375	521.7383422851562	75684.0	326.35050506591796	1011.8085052490234	218.56593322753906	175.8267619414255
sub-QA_ses-20190401mr000201_bold	0.003173745819397993	0.0006468977591973244	1	7.556293337281874	1.205901648523491	0.9623886032214765	0.6362875208215356	2031.4989013671875	0.017885000111052745	0	0.0	2.800215555555555	2.1400099999999997	2.28977	3.9708666666666663	0.0329612	-0.0025614118203520775	0.00894280057400465	299	72	72	35	4.573412518119605	2.0	3.0	3.0	3.0	10.476736440416806	17.905273381619857	68.57125091552734	62.70903015136719	72256.0	25.99916362762451	117.25584983825684	27.46742057800293	-0.1973723586827716	609.5228922898513	2928.396484375	2820.94970703125	73329.0	2064.474853515625	4076.1324218749996	616.8108520507812	169.8573800548911
sub-QA_ses-20190401mr000202_bold	0.0020307718120805367	0.0004930694530201343	2	5.902697194074072	1.0197004289562286	0.9411307176430986	0.6280877856529009	2208.076904296875	0.02216763480542434	0	0.0	2.817082222222222	2.1329533333333335	2.3170266666666666	4.001266666666667	0.0317472	-0.0029670107178390026	0.010476161725819111	298	72	72	35	4.483186834542264	2.0	3.0	3.0	3.0	5.083864112178979	22.35346462328343	74.5492172241211	66.13423156738281	74072.0	26.225168037414555	136.8864067077636	33.849082946777344	-0.28218814027890815	683.6787026188213	3180.14208984375	3068.548828125	71628.0	2215.8983642578123	4452.222216796875	684.4522705078125	177.76795136928558
sub-QA_ses-20190401mr000203_bold	0.0014475585284280939	0.00026019460200668896	1	5.30333726345637	0.9592187392953018	0.9699941835234904	0.6162903234133064	1509.5030517578125	0.00550094132240427	0	0.0	2.8618522222222222	2.2243866666666667	2.31237	4.0488	0.150883	-0.003311760723590851	0.011333576403558254	299	72	72	37	3.9161759313833633	2.0	3.0	3.0	3.0	4.784805977749561	15.455759377674292	62.095237731933594	55.792640686035156	81501.0	25.458192825317383	106.2675552368164	23.81838035583496	-0.05560037862687883	570.9480873512866	2277.607421875	2174.33935546875	73210.0	1555.1954528808592	3322.336218261719	555.2162475585938	185.53505139425397
sub-QA_ses-20190401mr000204_bold	0.011223533333333334	0.00033746677443333335	0	5.73345571367893	1.0063699578595322	1.0665499506020069	0.6104462820975046	732.7506103515625	0.015704263887688717	0	0.0	3.2967544444444443	2.33517	3.21856	4.336533333333334	0.288968	-0.008807701990008354	0.018352234736084938	300	72	72	37	2.1864468450264614	2.0	3.0	3.0	3.0	4.040385551104794	4.2402418359149445	16.86240005493164	14.119999885559082	78586.0	10.84333324432373	31.98666763305664	7.123800754547119	0.8030233292967881	161.99653050010602	439.361083984375	397.9383544921875	75752.0	219.80433731079103	800.9228820800779	182.0010986328125	165.44079350028187
sub-QA_ses-20190415mr000201_bold	0.00180371237458194	0.0005920588193979934	1	9.131164896543623	1.227758770100672	0.9621412950671144	0.6393991411573928	1904.872802734375	0.04985897794393058	0	0.0	2.9043111111111113	2.1863033333333335	2.3827966666666667	4.143833333333333	0.0583506	-0.00278847455047071	0.00987133476883173	299	72	72	35	4.337569060597394	2.0	3.0	3.0	3.0	3.6369309279106794	19.611009089073143	69.92852783203125	63.79933166503906	70988.0	23.613210487365727	122.87691917419419	28.904138565063477	-0.2425395117818443	624.4039329166096	2866.406494140625	2764.2607421875	74407.0	1941.059167480469	4035.385986328124	637.2791137695312	166.65049366652966
sub-QA_ses-20190415mr000202_bold	0.002140802675585284	0.0004852651438127091	1	5.507332027080538	0.9813458422483219	0.9387237216778525	0.6255818087476428	1969.532958984375	0.021460572352350774	0	0.0	2.9078700000000004	2.1945	2.40861	4.1205	0.0204138	-0.0037207677960395813	0.011664536781609058	299	72	72	35	4.205911556426258	2.0	3.0	3.0	3.0	6.2042744940069525	23.43899861228684	75.50375366210938	67.18394470214844	74438.0	26.453845882415774	136.70669097900387	33.975975036621094	-0.06334950078707502	674.7378438787562	3064.287353515625	2942.765869140625	71151.0	2077.9598388671875	4369.96826171875	699.6688232421875	179.8474876191467
sub-QA_ses-20190415mr000203_bold	0.0014884615384615385	0.0002846751939799331	1	5.312445704697987	0.9545919300335578	0.9675871916778513	0.6170014208467095	1491.237060546875	0.005840500532775619	0	0.0	2.8781911111111107	2.2233733333333334	2.3104666666666667	4.100733333333333	0.163388	-0.0034121049102395773	0.01196069922298193	299	72	72	37	3.849289189526479	2.0	3.0	3.0	3.0	3.4704066012956583	16.110285409723225	63.184696197509766	56.371238708496094	81220.0	25.611705112457276	110.50183792114258	24.97526741027832	-0.13121993430837042	582.385045920164	2280.600341796875	2178.06689453125	73416.0	1536.7868041992188	3342.90380859375	565.832275390625	183.70900004403666
sub-QA_ses-20190415mr000204_bold	0.008105566666666664	0.00046542506433333336	0	5.684309279933111	0.9789885442809365	1.0480122506020069	0.6073422366277538	747.3405151367188	0.017804338768779262	0	0.0	3.365933333333333	2.3699133333333333	3.2699866666666666	4.4578999999999995	0.142179	-0.008338283747434616	0.01894369162619114	300	72	72	37	2.140849781830694	2.0	3.0	3.0	3.0	3.5525069960016857	4.5664147198836815	17.23798179626465	14.333333969116211	78807.0	10.83666706085205	33.31666564941406	7.518637180328369	0.871326606685416	166.97558636059668	454.12933349609375	408.3500061035156	75445.0	224.99133911132813	834.7260131835939	190.74075317382812	184.36311643011868
sub-QA_ses-20190501mr000201_bold	0.0017777926421404682	0.0006261986454849499	1	10.508609915369135	1.2994641030201344	0.9672481192617453	0.6359441572071889	1797.411376953125	0.05767469164096468	0	0.0	2.903928888888889	2.218366666666667	2.3517533333333334	4.141666666666667	0.0563171	-0.0018864934099838138	0.008100468665361404	299	72	72	35	4.169459188898594	2.0	3.0	3.0	3.0	11.300833474846119	16.482174557969362	66.62513732910156	61.88963317871094	71751.0	25.270902633666992	111.03511810302734	25.424692153930664	-0.33560389284879877	629.5405559837027	2745.4462890625	2639.785888671875	73707.0	1837.8213500976562	3913.7347900390623	633.1199951171875	162.14560499042273
sub-QA_ses-20190501mr000202_bold	0.0020711371237458194	0.0004519724381270903	1	5.923258165369123	1.0138982987919472	0.940316371409396	0.6292046404199962	2110.133056640625	0.02525658325252461	0	0.0	2.9198555555555554	2.17401	2.4028566666666666	4.1827	0.0311027	-0.0023427442647516727	0.010009885765612125	299	72	72	35	4.1936727692015765	2.0	3.0	3.0	3.0	5.852187323822271	20.33494726493509	72.39939880371094	64.9230728149414	73151.0	25.86789321899414	131.1153793334961	32.00110626220703	-0.27150495170384925	693.5997583334258	3074.089111328125	2961.1337890625	72381.0	2050.170654296875	4372.53173828125	706.0906982421875	176.65868709469214
sub-QA_ses-20190501mr000203_bold	0.0015698996655518396	0.0002983591204013378	1	5.219676380838927	0.9588982766442955	0.9718517316778525	0.6168170588582723	1515.462646484375	0.005283605664493721	0	0.0	2.8785988888888894	2.21549	2.32504	4.095266666666666	0.154648	-0.003307890146970749	0.011450483463704586	299	72	72	37	3.868428104634105	2.0	3.0	3.0	3.0	5.691712174755388	15.820205652844743	62.1842155456543	56.113712310791016	81174.0	24.339966678619383	107.43377647399896	24.324228286743164	-0.13992475521009862	580.5379465253803	2291.767578125	2187.14892578125	73394.0	1550.5867980957032	3356.1349609374993	565.3805541992188	185.84516455372795
sub-QA_ses-20190501mr000204_bold	0.009098966666666668	0.000343338559	0	5.648245215117056	1.002559864882943	1.0662114719398001	0.6073317422466074	751.3250732421875	0.015796602822457984	0	0.0	3.3847111111111112	2.3802866666666667	3.27918	4.494666666666666	0.157047	-0.008351780474185944	0.018747057765722275	300	72	72	37	2.1315883636558777	2.0	3.0	3.0	3.0	3.7142128427887515	4.502169038498205	17.266054153442383	14.323333740234375	78579.0	10.866666793823242	33.45700187683102	7.568112373352051	0.877693091782739	167.9986307564289	455.8275451660156	409.683349609375	75631.0	225.47500610351562	838.8483581542969	192.19500732421875	188.35187768936157
sub-QA_ses-20190515mr000201_bold	0.001957458193979933	0.0005157281204013377	1	8.498267927550332	1.191983271644295	0.9666194261409394	0.6360566237012181	1702.710205078125	0.03472896370885614	0	0.0	2.9540644444444446	2.22313	2.3887966666666665	4.250266666666667	0.0408747	-0.002200376009568572	0.008683215826749802	299	72	72	35	4.049540962908537	2.0	3.0	3.0	3.0	27.554440297902136	16.759848583775256	66.73125457763672	61.87290954589844	71648.0	24.9053505897522	111.7814384460449	25.50568199157715	-0.21376212604710343	622.4324990828472	2667.06689453125	2559.899658203125	73828.0	1763.3763916015625	3833.637939453124	632.141357421875	165.99800515221432
sub-QA_ses-20190515mr000202_bold	0.0022326086956521744	0.0005304624147157191	1	5.149594074966442	0.9685683157046976	0.9417218918120805	0.626910342875554	2391.36181640625	0.014642623724333888	0	0.0	2.7310772660057077	2.09461	2.26976	3.8288617980171225	0.0328153	-0.0023840158246457577	0.009775888174772263	299	72	72	35	4.719096700049237	2.0	3.0	3.0	3.0000038146972656	5.068172919434705	20.533291914452114	73.57083129882812	65.19732666015625	74571.0	27.561872482299805	136.10869598388672	32.65155029296875	-0.2361998858410379	678.7243281398673	3255.90185546875	3141.9580078125	71154.0	2356.4394775390624	4499.861230468749	665.7918090820312	177.52376436442137
sub-QA_ses-20190515mr000203_bold	0.001350969899665552	0.0003110523210702341	1	5.231710514060399	0.9565519627852339	0.9680229992281876	0.6172187324423271	1534.35546875	0.00558493656368369	0	0.0	2.875491111111111	2.217966666666667	2.3174733333333335	4.091033333333333	0.148777	-0.0033823437988758087	0.011316206306219101	299	72	72	37	3.931580630125709	2.0	3.0	3.0	3.0	5.992878007017287	15.411130417613306	61.52439498901367	55.458194732666016	81100.0	25.010032653808594	104.99030189514161	23.63425064086914	-0.08691595092733229	569.6366033453784	2282.06201171875	2179.26904296875	73502.0	1558.2412719726562	3325.916809082031	554.294677734375	187.2529727872461
sub-QA_ses-20190515mr000204_bold	0.010467833333333334	0.0003613136563333334	0	5.7611334970903	1.0092084970234105	1.0698312649163875	0.6076939587906312	736.5516357421875	0.016810689519092294	0	0.0	3.35612	2.3787566666666664	3.25217	4.437433333333334	0.219913	-0.008348856121301651	0.018940135836601257	300	72	72	37	2.1225676899626125	2.0	3.0	3.0	3.0	3.952001475713799	4.3390818895540075	17.266931533813477	14.286666870117188	78384.0	10.956666946411133	33.51000213623047	7.545186996459961	0.8861233568798887	167.19799026700125	451.7584533691406	405.7366943359375	75728.0	222.9706680297852	832.4196899414062	191.15245056152344	175.64852686971426
sub-QA_ses-20190601mr000201_bold	0.0016280267558528426	0.0005546625484949833	1	9.19688025090603	1.2230420582214776	0.961772920302014	0.6345863704305781	1677.2210693359375	0.0413628664690832	0	0.0	2.913371111111111	2.23115	2.35553	4.153433333333333	0.0333671	-0.0022378601133823395	0.009012539871037006	299	72	72	35	4.112196364696813	2.0	3.0	3.0	3.0	10.782987832200211	18.748224002870646	68.85939025878906	64.09030151367188	72163.0	24.063879585266115	115.19364318847656	26.973526000976562	-0.38352779119185243	641.4162142324698	2729.16845703125	2621.387939453125	73355.0	1824.687939453125	3900.33408203125	637.4622802734375	166.96128450334072
sub-QA_ses-20190601mr000202_bold	0.001759264214046823	0.00045947963545150505	1	6.538884698959734	1.0563429287583894	0.9433151192281873	0.6308322331797579	1998.46533203125	0.028656325822709956	0	0.0	2.8893733333333333	2.1639566666666665	2.3833966666666666	4.1207666666666665	0.0278495	-0.0021056511905044317	0.009589138440787792	299	72	72	35	4.191838506251003	2.0	3.0	3.0	3.0	3.6885693281627816	20.168845639281663	71.6656723022461	64.78093719482422	72926.0	28.879597663879395	127.99163436889648	30.07358741760254	-0.21266826593628396	680.3656513234156	2982.1748046875	2868.608642578125	72620.0	2013.55517578125	4246.578881835938	684.3271484375	175.24833517335355
sub-QA_ses-20190601mr000203_bold	0.0010185953177257528	0.00026007221739130437	1	5.319323222852347	0.9492137286912748	0.9577128200335566	0.6169245231542915	1496.667236328125	0.005507295243507896	0	0.0	2.8594839416073654	2.216833333333333	2.30508	4.056538491488764	0.164397	-0.003752203658223152	0.012090419419109821	299	72	72	37	3.88675778891481	2.0	3.0	3.0	2.9999961853027344	10.777953917085663	16.154908714105584	62.7868537902832	56.20401382446289	81317.0	25.092976379394532	108.39130401611328	24.91790008544922	-0.12487609722540993	579.6527649518072	2282.44189453125	2179.39306640625	73330.0	1550.0847595214843	3334.53173828125	560.7188110351562	184.6282407604158
sub-QA_ses-20190601mr000204_bold	0.007568566666666668	0.000454927128	0	5.3998134226086965	0.9835700510367886	1.0417403525083602	0.6137855116897164	767.5332641601562	0.014989620230517081	0	0.0	3.1564022222222223	2.3324700000000003	2.9481699999999997	4.1885666666666665	0.137639	-0.008834616281092167	0.018998632207512856	300	72	72	37	2.2738590408066233	2.0	3.0	3.0	3.0	3.620999991594049	6.249168577228257	22.549945831298828	18.97833251953125	78070.0	14.160000801086426	42.88183479309083	9.625401496887207	0.8340701544999525	211.30049713849297	614.1910400390625	549.5900268554688	76075.0	339.3679992675781	1099.1276977539062	241.69766235351562	195.03858979046345
sub-QA_ses-20190615mr000201_bold	0.0023174247491638796	0.0005899487257525084	1	8.521120332080526	1.1913930629530205	0.9695160524161086	0.6379015286133737	1732.528076171875	0.04282855899469509	0	0.0	2.8774388888888893	2.1992033333333336	2.3468133333333334	4.0863000000000005	0.0418472	-0.002325192093849182	0.008792669512331486	299	72	72	35	4.2102758597435415	2.0	3.0	3.0	3.0	18.778436501565523	17.563133102961956	67.8948745727539	63.1505012512207	71451.0	24.871237754821777	114.17725372314453	26.396547317504883	-0.361329883810253	633.1058957913883	2745.969970703125	2640.07177734375	74006.0	1863.6379089355469	3903.478271484375	627.0501098632812	166.16499829944223
sub-QA_ses-20190615mr000202_bold	0.0025452508361204014	0.000524431635451505	1	5.188991207483223	0.9701158029865776	0.9428900041946313	0.6285039495483153	2096.40380859375	0.013467504090994778	0	0.0	2.8602977777777774	2.16419	2.4143033333333332	4.0024	0.0339004	-0.0036435939837247133	0.01131525356322527	299	72	72	35	4.374631360040793	2.0	3.0	3.0	3.0	6.332563256676927	22.12994654818898	74.02297973632812	66.11036682128906	73654.0	27.12374496459961	134.20401000976562	33.03643798828125	-0.16802963899308887	674.6732334060991	3115.395263671875	2996.4833984375	71846.0	2160.071044921875	4391.67041015625	684.9634399414062	175.28504391666502
sub-QA_ses-20190615mr000203_bold	0.0012227424749163879	0.00025077988963210704	1	5.240059666912752	0.9640952905704705	0.9731910095637584	0.6157995163299947	1533.1380615234375	0.005622886885770561	0	0.0	2.8467144444444443	2.20358	2.2985633333333335	4.038	0.10348	-0.0037462685722857714	0.012248889543116093	299	72	72	37	3.9247287260931416	2.0	3.0	3.0	3.0	3.3988089799942056	16.50696905307865	63.3964958190918	56.24414825439453	81769.0	25.344480514526367	110.67625579833978	25.460168838500977	-0.12006401147905832	579.8860503838938	2303.1162109375	2200.046875	72931.0	1572.0401000976562	3358.99658203125	560.556396484375	195.21335098240525
sub-QA_ses-20190615mr000204_bold	0.0073467666666666665	0.0004015843816666666	0	5.59124280491639	0.9963780708695654	1.049567433143813	0.611380648635473	732.017578125	0.017906697113163277	0	0.0	3.2470433333333326	2.3398733333333332	2.9869566666666665	4.4143	0.162432	-0.00887940265238285	0.020092798396945	300	72	72	37	2.232868030003334	2.0	3.0	3.0	3.0	3.588428630875085	6.192334662686011	22.4692440032959	18.75666618347168	78513.0	14.09000015258789	42.880001068115234	9.688739776611328	0.8910823208593901	207.317180057414	594.4059448242188	531.489990234375	75577.0	323.8920104980469	1071.6333984374996	238.0286102294922	189.33012587483972
sub-QA_ses-20190701mr000201_bold	0.0020333779264214043	0.0006535738060200669	1	10.265532242248314	1.2865820611409393	0.9732590338926183	0.6371348062773953	1676.4725341796875	0.053340275268077345	0	0.0	2.9072388888888887	2.2043733333333333	2.3612433333333334	4.1560999999999995	0.0461717	-0.002236295258626342	0.008680290542542934	299	72	72	35	4.114533045186818	2.0	3.0	3.0	3.0	4.257872343547888	16.779685876566273	66.99668884277344	62.20066833496094	71594.0	25.14816007614136	112.13511581420886	25.4350528717041	-0.21573312944725087	617.4270877599457	2670.829345703125	2562.00830078125	73818.0	1795.047344970703	3827.929309082031	622.668701171875	162.21150766592473
sub-QA_ses-20190701mr000202_bold	0.0021397658862876254	0.0005365479866220735	1	6.610319895906046	1.067506593859061	0.9506350195302019	0.6296013498839941	1944.93408203125	0.03148403345791796	0	0.0	2.9047122222222224	2.18908	2.444456666666667	4.0806	0.0325877	-0.0034926130902022123	0.011070527136325836	299	72	72	35	4.194732366579724	2.0	3.0	3.0	3.0	4.944930387358514	22.060517437340078	73.30646514892578	66.16053771972656	73141.0	26.267559051513672	130.21739196777344	31.967998504638672	-0.07532378949683105	672.446977316031	3004.663330078125	2884.655517578125	72311.0	2046.5969848632812	4287.0634765625	687.6804809570312	174.1139826066792
sub-QA_ses-20190701mr000203_bold	0.0012722073578595317	0.00026949172909698993	1	5.143110931577177	0.9603273030201346	0.9718276346979867	0.6167541842253774	1577.041748046875	0.005777716531016358	0	0.0	2.844711111111111	2.20676	2.2931399999999997	4.034233333333334	0.110374	-0.0034297832753509283	0.011693716049194336	299	72	72	37	4.055519273850046	2.0	3.0	3.0	3.0	4.5114709757691545	16.492088962605898	63.15678405761719	56.62541580200195	81552.0	24.781437969207765	109.68377761840819	25.42628288269043	-0.07945576436386625	567.2415818050227	2341.615966796875	2240.919677734375	73117.0	1616.017333984375	3381.652783203125	552.5567016601562	193.90427168738097
sub-QA_ses-20190701mr000204_bold	0.006296199999999999	0.0005523520326666667	0	5.416076538963211	0.9629218033110365	1.0246168835117064	0.6143696683555403	743.4546508789062	0.015382027770084461	0	0.0	3.138847777777778	2.3187333333333333	2.9422766666666664	4.1555333333333335	0.122722	-0.009571312926709652	0.02004680410027504	300	72	72	37	2.2722626403832207	2.0	3.0	3.0	3.0	3.2541055253826894	6.622292077335163	22.852439880371094	19.283334732055664	78139.0	14.206666946411133	43.26033554077146	9.739593505859375	0.7844198843384809	211.86389322079376	612.2340087890625	548.0567016601562	76071.0	337.7533416748047	1096.626708984375	241.1926727294922	191.87221098784357
sub-QA_ses-20190715mr000201_bold	0.0019934113712374584	0.000596889287625418	1	9.487525562248319	1.2692163110738253	0.9825838809060403	0.6379176223035967	1714.3646240234375	0.033709330768985024	0	0.0	2.910192222222222	2.2238366666666667	2.358773333333333	4.147966666666666	0.0430322	-0.0024759185034781694	0.009201634675264359	299	72	72	35	4.196984933900006	2.0	3.0	3.0	3.0	12.883901327929337	18.701112199891554	68.98043060302734	63.76421356201172	71362.0	23.836287784576417	117.18010139465329	27.4024600982666	-0.3553924407242901	635.4014678787327	2752.9951171875	2643.953125	74093.0	1864.894921875	3913.810742187499	629.9606323242188	167.78071382362396
sub-QA_ses-20190715mr000202_bold	0.0021553511705685617	0.0005431263846153846	1	7.308077880604028	1.110725167651007	0.9389279552349002	0.6279213579622416	2077.823486328125	0.03211579954937258	0	0.0	2.7962322222222227	2.1290766666666667	2.32472	3.9349000000000003	0.0347568	-0.0022363103926181793	0.009770138189196587	299	72	72	35	4.418531360568093	2.0	3.0	3.0	3.0	4.554831413607866	19.67051813960688	72.53238677978516	64.95986938476562	73984.0	28.12040138244629	131.19632186889643	31.01232147216797	-0.31759632008195116	688.3737302985664	3059.355712890625	2944.1572265625	71719.0	2162.692529296875	4303.316308593749	666.315673828125	172.23486674390733
sub-QA_ses-20190715mr000203_bold	0.0013233110367892975	0.0002834994247491639	1	5.347831079765105	0.9587965301677858	0.9711767665771811	0.6173232638108643	1465.381103515625	0.005605759276285147	0	0.0	2.90413	2.2259466666666667	2.3605766666666668	4.125866666666666	0.149184	-0.004136658739298582	0.013168181292712688	299	72	72	37	3.816907896370301	2.0	3.0	3.0	3.0	3.471942379436454	18.763098437664766	70.410400390625	62.096988677978516	81202.0	27.67558479309082	125.31370811462398	29.11616325378418	-0.035026081733928294	623.9919280398484	2488.3232421875	2366.59033203125	73434.0	1682.5794738769532	3667.0730957031246	620.02392578125	183.61763656139374
sub-QA_ses-20190715mr000204_bold	0.007460800000000001	0.000279165504	0	5.448037600602004	1.021922188294314	1.060315099531773	0.6130087441769122	752.4444580078125	0.015725508464300583	0	0.0	3.1977022222222224	2.33264	2.9685666666666664	4.2919	0.120285	-0.009447405114769936	0.02022920921444893	300	72	72	37	2.2573672399710683	2.0	3.0	3.0	3.0	3.6466837316102314	6.434493854541458	22.7619571685791	19.066667556762695	78400.0	14.15666675567627	43.16700134277345	9.825439453125	0.8559033119953794	209.40272286319393	610.2407836914062	545.2000122070312	75837.0	336.84201660156253	1096.295361328125	241.51870727539062	205.73000040929765
sub-QA_ses-20190801mr000201_bold	0.0037980936454849504	0.0005795567123745819	1	6.294407474832216	1.1105505511744966	0.9647254811409399	0.6385020125962247	1862.3682861328125	0.009034591950881273	0	0.0	2.812184444444444	2.1582266666666667	2.2975933333333334	3.9807333333333332	0.0564757	-0.0030327150598168373	0.009844222106039524	299	72	72	35	4.5768346783480345	2.0	3.0	3.0	3.0	2.7151594695333596	21.02418785240847	71.4245376586914	65.50501251220703	71906.0	23.560201168060303	124.24331092834473	29.206092834472656	-0.29603259653565184	612.4783237141917	2902.199951171875	2799.22412109375	73609.0	2036.171875	4034.262207031249	611.6028442382812	168.54942993447185
sub-QA_ses-20190801mr000202_bold	0.0020023825503355706	0.0004969281308724832	2	6.141425932356904	1.0408991063299673	0.9436746755892259	0.6289819321479393	2084.557861328125	0.02413624412599243	0	0.0	2.807873333333333	2.142516666666667	2.3301366666666667	3.9509666666666665	0.0313065	-0.002529868623241782	0.010016392916440964	298	72	72	35	4.409732663031748	2.0	3.0	3.0	3.0	6.825942733946015	20.09970496804284	72.55282592773438	64.95637512207031	73714.0	28.127349281311034	131.1354064941406	31.155521392822266	-0.3058463173163166	683.7110983460078	3055.5947265625	2944.22998046875	71976.0	2137.584716796875	4293.6424560546875	667.6616821289062	174.46473904699087
sub-QA_ses-20190801mr000203_bold	0.001170802675585284	0.0003281036254180602	1	5.358464844261744	0.9490387165771808	0.9612158059060402	0.6195769894458021	1244.77734375	0.005447580684104203	0	0.0	2.8781877777777773	2.22009	2.331373333333333	4.0831	0.154666	-0.003284888342022896	0.01160458754748106	299	72	72	37	3.929344819684012	2.0	3.0	3.0	3.0	3.3149273166221915	16.33837892882849	68.7320785522461	62.30434799194336	81301.0	28.321069717407227	115.6454849243164	25.322486877441406	-0.07903721275830744	570.0035437748242	2319.31982421875	2211.44140625	73405.0	1586.0628906250001	3381.927685546875	562.7977294921875	181.86105974391103
sub-QA_ses-20190801mr000204_bold	0.006856066666666667	0.000383145644	0	5.412857294648829	0.9887294056187289	1.0400304174916384	0.613073589370459	764.5368041992188	0.015133834353471912	0	0.0	3.1815711111111113	2.32502	2.9654933333333333	4.2542	0.11619	-0.009583752602338791	0.02037212811410427	300	72	72	37	2.2715499008664257	2.0	3.0	3.0	3.0	3.485777191013838	6.449320216067231	22.760583877563477	19.046667098999023	78491.0	14.15000057220459	43.32500076293945	9.85029125213623	0.827984427585629	209.90438155758116	614.1414794921875	549.2833251953125	75716.0	339.3250045776367	1101.1133728027344	241.80833435058594	201.8403443135321
sub-QA_ses-20190815mr000201_bold	0.003159364548494983	0.0005760103377926421	1	6.269926365805372	1.0789817655033562	0.9668077327852355	0.6393545521685984	1869.438720703125	0.01582916665631872	0	0.0	2.814921111111111	2.1714166666666666	2.3058466666666666	3.9675	0.0324177	-0.0024498775601387024	0.009468913078308105	299	72	72	35	4.63078100796615	2.0	3.0	3.0	3.0	9.014670423743151	20.327518531055972	70.90259552001953	65.12374877929688	71558.0	23.540801906585695	122.79381370544417	29.22572898864746	-0.31510041884509077	613.1327535997038	2898.30078125	2796.64208984375	73891.0	2060.521728515625	4020.697265625	603.92041015625	173.3058232050389
sub-QA_ses-20190815mr000202_bold	0.002259230769230769	0.0004803834949832776	1	6.026264443791946	1.028441541006711	0.944831172315436	0.6306155363743431	2072.56787109375	0.02485398461436684	0	0.0	2.8010433333333338	2.1320966666666665	2.3249999999999997	3.9460333333333337	0.0347292	-0.0024871029891073704	0.009944119490683079	299	72	72	35	4.442361375431459	2.0	3.0	3.0	3.0	19.387741251003735	20.387019098071764	72.50203704833984	65.36287689208984	73324.0	26.6202338218689	129.8891319274902	31.575212478637695	-0.27854787806594716	673.4684381218472	3059.58203125	2944.817626953125	72324.0	2148.970068359375	4288.974218749999	662.8900756835938	175.73784013092518
sub-QA_ses-20190815mr000203_bold	0.00201133779264214	0.00037266117725752505	1	4.766887308187918	0.9386212745973149	0.9562827232550339	0.6162851449632211	2279.969970703125	0.005169235719455163	0	0.0	2.766582222222222	2.202096666666667	2.2167833333333333	3.8808666666666665	0.230634	-0.0025952879805117846	0.008624057285487652	299	72	72	37	4.735334147435795	2.0	3.0	3.0	3.0	5.801706325120433	6.8626145875558615	27.72447395324707	25.103679656982422	81729.0	11.82876262664795	47.301671600341734	11.01269245147705	-0.019869898732354674	227.3985493153418	1229.4248046875	1189.123779296875	72942.0	847.8362884521484	1688.1995117187498	251.11546325683594	187.4555243132636
sub-QA_ses-20190815mr000204_bold	0.006719466666666666	0.0004293851753333333	0	5.445855678127089	0.982319055284281	1.033605264983277	0.612345902565986	766.5510864257812	0.016717020600998368	0	0.0	3.1704188888888893	2.33468	2.95791	4.218666666666667	0.139506	-0.008929491974413395	0.019588524475693703	300	72	72	37	2.2639944399993572	2.0	3.0	3.0	3.0	3.5376532099152405	6.315885790174582	22.63776206970215	18.98666763305664	78453.0	14.15333366394043	43.206668853759766	9.752901077270508	0.8678520501389646	211.19177237253018	613.322998046875	549.0516357421875	75834.0	337.5500183105469	1099.5185852050777	242.51296997070312	194.0227116169408
sub-QA_ses-20190901mr000201_bold	0.003423545150501672	0.0005820051505016722	1	6.9504209443959715	1.1227341473825505	0.9834323759060412	0.6398657635050947	1888.565673828125	0.025944340972237384	0	0.0	2.8555655555555557	2.1746633333333336	2.339933333333333	4.0521	0.0410493	-0.002012588083744049	0.008142792619764805	299	72	72	35	4.449290111461887	2.0	3.0	3.0	3.0	4.686000975004295	17.687094267151128	67.65218353271484	62.926422119140625	71020.0	27.69213933944702	113.39464569091797	25.687469482421875	-0.33209473677731083	619.6879113577938	2849.419921875	2747.498291015625	74383.0	1971.4327392578125	3986.846508789062	617.5097045898438	169.75220912043005
sub-QA_ses-20190901mr000202_bold	0.002594214046822743	0.0005394244816053511	1	5.435052873389262	0.9849700048322143	0.944727112583892	0.6263131722995136	1993.286376953125	0.019047613731727107	0	0.0	2.8231711111111113	2.1544666666666665	2.369946666666667	3.9451	0.0389821	-0.0033307659905403852	0.011110459454357624	299	72	72	35	4.388093347445974	2.0	3.0	3.0	3.0	6.04051762186819	21.500209355570703	73.44815826416016	65.9765853881836	74364.0	29.54431381225586	132.03578643798824	31.82361602783203	-0.1619255361353389	668.5891710550856	3035.04345703125	2916.89306640625	71139.0	2137.8336669921873	4276.50556640625	664.724365234375	172.60229171812534
sub-QA_ses-20190901mr000203_bold	0.0012660200668896322	0.00034953557859531776	1	4.787209589026847	0.9413402863758381	0.952806651543624	0.6158832422442068	2264.445068359375	0.00529390328371557	0	0.0	2.735063333333333	2.18216	2.20453	3.8185000000000002	0.216422	-0.0026899417862296104	0.008897069841623306	299	72	72	37	4.809804000944757	2.0	3.0	3.0	3.0	6.6342266645589945	6.822945657652456	27.716426849365234	25.00334358215332	81858.0	11.20351119041443	47.973243713378906	11.229647636413574	-0.06391961210608965	225.68293313732374	1223.965087890625	1180.9967041015625	72867.0	867.5779235839843	1678.2086791992188	245.53778076171875	192.9324483051896
sub-QA_ses-20190901mr000204_bold	0.0074446999999999985	0.00042143169233333335	0	5.512810037692307	0.9948583891304357	1.0467820725418064	0.6122665302160051	743.1492309570312	0.01523901451001876	0	0.0	3.2082588888888885	2.3245033333333334	2.977273333333333	4.3229999999999995	0.158377	-0.0092169726267457	0.020154599100351334	300	72	72	37	2.24826879930883	2.0	3.0	3.0	3.0	3.6308549573799107	6.291176130244731	22.596471786499023	18.913333892822266	78641.0	14.14666748046875	42.76000213623047	9.68457317352295	0.8699105189545171	207.82623637944786	602.0030517578125	537.8099975585938	75569.0	331.1786743164063	1083.18935546875	239.20913696289062	192.52420032862574
sub-QA_ses-20190915mr000201_bold	0.002677123745819398	0.0005628536321070234	1	7.303058867617451	1.149146577919463	0.9678206768120798	0.6361688061889492	1908.6158447265625	0.02903027695068743	0	0.0	2.920541111111111	2.2260666666666666	2.35499	4.1805666666666665	0.0450598	-0.001854865113273263	0.008160306140780449	299	72	72	35	4.271536339131321	2.0	3.0	3.0	3.0	8.214413169084919	17.796186652224808	68.41366577148438	63.190635681152344	71895.0	25.003678703308108	116.61371307373052	26.902334213256836	-0.29857900894755307	625.9904186401717	2857.740478515625	2754.076904296875	73598.0	1906.099627685547	4036.7195068359374	644.7465209960938	168.09524722024798
sub-QA_ses-20190915mr000202_bold	0.0023689966555183943	0.00046473125083612034	1	6.195836040067114	1.0544396528187912	0.9515671872818787	0.6273689183781445	2031.25390625	0.027001322046902185	0	0.0	2.9514270891028787	2.208206666666667	2.3998466666666665	4.2462279339753035	0.0495579	-0.002188287675380707	0.009500761516392231	299	72	72	35	4.095008764765943	2.0	3.0	3.0	3.0000038146972656	6.633941688104965	20.0473673180106	72.04254913330078	65.24748992919922	73657.0	27.946487426757812	128.7364501953125	30.531898498535156	-0.22438589062304448	692.2711715553436	3011.30029296875	2903.2958984375	71994.0	1968.414172363281	4303.751318359373	708.9791259765625	168.66036290302873
sub-QA_ses-20190915mr000203_bold	0.0010753846153846156	0.0003299472006688963	1	4.797837606107382	0.9308659910402685	0.9439884196979863	0.6159975805890119	2175.389892578125	0.00528307956869946	0	0.0	2.8469166666666665	2.2285866666666667	2.2789966666666666	4.033166666666667	0.237311	-0.0028836315032094717	0.009100854396820068	299	72	72	37	4.513751873823978	2.0	3.0	3.0	3.0	8.352998580933315	6.872528992192398	27.75699234008789	25.12040138244629	81450.0	10.735785484313965	48.222573661804205	11.248787879943848	-0.0799220921094439	234.08007755671684	1204.732177734375	1166.4281005859375	73144.0	799.6919769287109	1674.3797241210937	258.4147644042969	187.78450905997306
sub-QA_ses-20190915mr000204_bold	0.007494033333333334	0.000457982945	0	5.454274579464884	0.9891420683277595	1.0451757680602016	0.6126029919905778	744.7710571289062	0.014528634785752831	0	0.0	3.164987777777778	2.3265833333333332	2.9655466666666666	4.202833333333333	0.165841	-0.008886044844985008	0.01923098787665367	300	72	72	37	2.2434831538916353	2.0	3.0	3.0	3.0	3.5897024831785886	6.310942727052886	22.60133171081543	19.06333351135254	78372.0	14.193333625793457	42.71333312988281	9.589949607849121	0.8515295416723472	211.60196743213015	607.213623046875	542.7966918945312	75819.0	332.4980010986328	1095.0536743164062	241.942138671875	190.16328868456185
